matrix_size,time,num_threads
600,1.42649,8
1000,2.83948,8
1400,3.53799,8
1800,8.2627,8
2200,14.1825,8
2600,20.3453,8
3000,32.267,8
4096,88.6813,8
6144,198.073,8
8192,354.073,8
10240,556.073,8
