matrix_size,time,L1_DCM,L2_DCM
600,0.198662,244788570,39275943
1000,1.10924,1231051141,296042696
1400,4.13316,3510146372,1472215982
1800,18.4636,9086787384,7839958874
2200,39.1114,17639718026,22454727227
2600,69.9442,30899028414,50857403525
3000,119.003,50314830117,95071155089
